{"cameraMode":{"drawMode":0,"name":"Shaded","section":"Shading Mode"},"sceneLighting":true,"audioPlay":false,"sceneViewState":{"m_AlwaysRefresh":false,"showFog":true,"showSkybox":true,"showFlares":true,"showImageEffects":true,"showParticleSystems":true,"showVisualEffectGraphs":true,"m_FxEnabled":true},"in2DMode":false,"pivot":{"x":519.2168579101563,"y":512.781005859375,"z":-22.6463623046875},"rotation":{"x":-0.08687765151262284,"y":0.017037594690918924,"z":0.0014863641699776054,"w":0.9960824847221375},"size":176.84231567382813,"orthographic":false}